Month,AAPL,GOOG,IBM
Jan,117.160004,534.522445,153.309998
Feb,128.460007,558.402511,161.940002
Mar,124.43,548.002468,160.5
Apr,125.150002,537.340027,171.289993
May,130.279999,532.109985,169.649994
Jun,125.43,520.51001,162.660004
Jul,121.300003,625.609985,161.990005
Aug,112.760002,618.25,147.889999
Sep,110.300003,608.419983,144.970001
Oct,119.5,710.809998,140.080002
Nov,118.300003,742.599976,139.419998
Dec,105.260002,758.880005,137.619995
